percentile,value_b
p5,78.81179320581573
p25,84.36739001118968
p50,89.17833264551925
p75,93.93210949925188
p95,101.07513134823272
