percentile,value
p5,22.021928819106762
p25,28.261061694681082
p50,32.24222536607386
p75,41.48066753440054
p95,50.9090389377963
