{
  "parent_prob_yes": 0.121436,
  "sp500_on_2026_03_13_given_yes": {
    "p5": 6167.837097487465,
    "p25": 6664.12908827416,
    "p50": 7033.630247661478,
    "p75": 7424.320904240351,
    "p95": 8027.049366335258
  },
  "sp500_on_2026_03_13_given_no": {
    "p5": 6186.9937066170905,
    "p25": 6668.835231260689,
    "p50": 7026.919260359882,
    "p75": 7403.835945838751,
    "p95": 7983.056801505861
  }
}