branch,p5,p25,p50,p75,p95
YES,6167.837097487465,6664.12908827416,7033.630247661478,7424.320904240351,8027.049366335258
NO,6186.9937066170905,6668.835231260689,7026.919260359882,7403.835945838751,7983.056801505861
