{
  "as_of_utc": "2026-01-13T19:12:02.831299",
  "proxy": {
    "series": "ISM Manufacturing PMI",
    "source": "Investing.com event 173",
    "window_start_year": 2000
  },
  "offset_points": {
    "2025-11": {
      "spglobal": 52.2,
      "ism": 48.2
    },
    "2025-12": {
      "spglobal": 51.8,
      "ism": 47.9
    }
  },
  "offset_assumption": {
    "mean": 3.9499999999999993,
    "sd": 0.8,
    "raw": [
      4.0,
      3.8999999999999986
    ]
  },
  "ism_feb_stats": {
    "n": 19,
    "mean": 53.20526315789473,
    "sd": 4.9807496459881495,
    "p10": 47.78,
    "p50": 52.9,
    "p90": 60.08
  },
  "spglobal_feb_base_rate": {
    "mean": 57.1605799602143,
    "p5": 47.34960543321943,
    "p25": 53.469969796482545,
    "p50": 56.92334300449611,
    "p75": 61.208606583416156,
    "p95": 64.89177077951629
  },
  "conditional_2m_ahead_base_rate": {
    "proxy_filter": {
      "abs_ism_current_minus_history_leq": 1.0,
      "ism_current": 47.9
    },
    "n_hist_points": 30,
    "mean": 52.001708550221906,
    "p5": 47.86814792977975,
    "p25": 50.610408186997425,
    "p50": 51.90440795765715,
    "p75": 53.46617460930668,
    "p95": 55.93422107613156
  }
}