{
  "as_of_utc": "2026-01-13T19:13:02.768484",
  "target": "S&P Global US Manufacturing PMI (Feb 2026 final)",
  "inputs": {
    "spglobal_known": {
      "2025-11": 52.2,
      "2025-12": 51.8
    },
    "spglobal_last": 51.8,
    "ism_last": 47.9
  },
  "offset_assumption": {
    "mean": 3.9499999999999993,
    "sd": 0.8,
    "raw": [
      4.0,
      3.8999999999999986
    ]
  },
  "ism_ar1": {
    "a": 0.9260062919242119,
    "b": 3.8520011230446016,
    "sigma": 1.8453405291129341
  },
  "ensemble_weights": {
    "ar_offset": 0.55,
    "persistence": 0.3,
    "seasonal": 0.15
  },
  "forecast_percentiles": {
    "p5": 48.07973131335054,
    "p25": 50.8232042621782,
    "p50": 52.788841164946284,
    "p75": 54.925785773279294,
    "p95": 59.66150502005289
  },
  "tail_probs": {
    "p_lt_49": 0.09370333333333333,
    "p_lt_50": 0.16719,
    "p_gt_56": 0.16683
  },
  "forecast_mean": 53.13483085878116
}