percentile,value
p5,48.07973131335054
p25,50.8232042621782
p50,52.788841164946284
p75,54.925785773279294
p95,59.66150502005289
